BP_Code,Name,lat,lng
1,"ALK-Abello, Inc.",69.4976485,88.3994723
2,Choice Laboratories Limited,14.5653817,121.0314306
3,AuroMedics Pharma LLC,-7.1234674,111.8479156
4,KAISER FOUNDATION HOSPITALS,26.641774,118.17771
5,"Newton Laboratories, Inc.",33.258244,115.374821
6,Best Choice (Valu Merchandisers Company),46.2228422,16.1246793
7,A-S Medication Solutions LLC,-6.2057964,106.7057733
8,W STERNOFF LLC,-26.3902488,-70.0475302
9,"Amneal Pharmaceuticals of New York, LLC",-28.3006117,-54.2673083
10,BluePoint Laboratories,15.9052069,120.8017163
11,Western Family Foods Inc,31.65051,35.17001
12,Merck Sharp & Dohme Corp.,6.0536421,121.0004951
13,Macleods Pharmaceuticals Limited,-3.5564921,-80.4270885
14,J. A. Cosmetics U.S. INC,23.138433,113.351326
15,Indiana Botanic Gardens,31.932456,98.425168
16,Merck Sharp & Dohme Corp.,45.521777,4.2552114
17,Combe Incorporated,31.559502,120.364428
18,"Preferred Pharmaceuticals, Inc.",16.6054808,121.1848786
19,"Majestic Drug Co., INC.",49.8756758,-106.5573172
20,"Physicians Total Care, Inc.",-22.7437126,-47.3339535
21,NorthStar Rx LLC,26.577837,118.746284
22,Unit Dose Services,55.6207919,36.5091081
23,Major Pharmaceuticals,44.3287491,-76.1635651
24,STAT RX USA LLC,52.1701159,4.4833003
25,"Nelco Laboratories, Inc.",45.417087,-0.302506
26,H E B,4.9227114,97.7240183
27,Ventura Corporation LTD,50.060504,12.985071
28,Major Pharmaceuticals,49.5960692,18.5247241
29,"Laser Pharmaceuticals, LLC",64.5950323,30.6115492
30,Gurwitch Products,-8.5969261,-38.5743503
31,Pfizer Consumer Healthcare,15.59972,-91.44528
32,Publix Super Markets Inc,33.094679,100.596781
33,Eli Lilly and Company,35.3740182,36.6012942
34,Amneal Pharmaceuticals,34.7226934,135.5286653
35,"ALK-Abello, Inc.",7.897581,123.768678
36,"ALK-Abello, Inc.",35.202503,102.521807
37,"Sato Pharmaceutical Co., Ltd.",37.429832,110.88907
38,REMEDYREPACK INC.,49.8932232,12.7301543
39,"Exelan Pharmaceuticals, Inc.",6.658614,-72.733351
40,L Perrigo Company,14.6046369,121.0526928
41,Guthy-Renker LLC,34.746611,113.625328
42,"Nelco Laboratories, Inc.",38.240395,114.926498
43,"Jangin Pharm Co., Ltd.",49.5931724,17.1260751
44,St Marys Medical Park Pharmacy,-40.7632504,-71.638725
45,Mallinckrodt Inc.,53.8217803,80.3474566
46,State of Florida DOH Central Pharmacy,32.197328,117.210612
47,"Bare Escentuals Beauty, Inc.",13.699545,100.3448059
48,Major Pharmaceuticals,28.127664,110.90203
49,Guthy-Renker LLC,3.8144237,-76.247912
50,Uriel Pharmacy Inc.,33.1991855,130.2705618
51,"Nelco Laboratories, Inc.",6.323976,-75.4985521
52,Sandoz Inc,49.2908708,15.4833007
53,"Nelco Laboratories, Inc.",50.5658445,14.6542767
54,St Marys Medical Park Pharmacy,39.4669358,-7.93596
55,Hero,38.645085,106.614063
56,STAT Rx USA LLC,5.9368109,80.5148127
57,Mylan Pharmaceuticals Inc.,4.9564022,6.6344177
58,Rebel Distributors Corp,52.8818616,17.5860395
59,"SHISEIDO CO., LTD.",-6.6839542,106.9516627
60,"Menper Distributors, Inc.",-0.789275,113.921327
61,Unifirst First Aid Corporation,-7.5568648,110.7815994
62,"Antigen Laboratories, Inc.",21.3026143,105.3014109
63,Deseret Biologicals,12.0805088,4.3693604
64,Blistex Inc.,56.5236763,36.5260122
65,REMEDYREPACK INC.,29.7491757,-95.3632107
66,"Takeda Pharmaceuticals America, Inc.",30.921373,118.784812
67,China Ningbo Shangge Cosmetic Technology Corp.,10.0679356,105.9464874
68,Aqua Pharmaceuticals,14.6322366,-86.6736997
69,L. Perrigo Company,4.0892492,9.3146014
70,Jubilant HollisterStier LLC,-6.9427755,111.2994071
71,Cardinal Health,30.4231682,31.5654425
72,"TAYLOR JAMES, LTD.",64.0516089,-21.986995
73,"AvKARE, Inc.",28.168791,113.641688
74,"Hospira, Inc.",49.0492373,16.7374199
75,Lake Erie Medical DBA Quality Care Products LLC,19.7600399,102.1832854
76,Oceanside Pharmaceuticals,-0.754923,132.311005
77,"Benefit Cosmetics, LLC",49.325426,17.1732655
78,Qualitest Pharmaceuticals,49.6747467,21.9594799
79,Target Corporation,-27.7828418,-64.2837225
80,Taylor James Ltd,59.6267758,16.4656297
81,Novartis Pharmaceuticals Corporation,19.2926509,-99.6487518
82,United Exchange Corp.,51.12,40.28889
83,"Actavis Pharma, Inc.",-6.9122509,109.7457739
84,RITE AID CORPORATION,38.033281,22.1103462
85,Kinray Inc.,-8.613782,125.2052299
86,"Dispensing Solutions, Inc.",-4.1948081,-40.4760325
87,Wyeth Pharmaceuticals Company,38.80549,-9.3277081
88,Torrent Pharmaceuticals Limited,39.109563,117.223371
89,Jubilant HollisterStier LLC,-6.147133,106.6232359
90,Actavis Mid Atlantic LLC,52.2313764,5.9938487
91,"Qualitest Pharmaceuticals, Inc",32.20076,79.18447
92,"Neopharm Co., Ltd.",48.3071,38.029633
93,"Ventura Corporation, LTD",9.5138582,123.1654018
94,Chain Drug Marketing Association,19.2814128,-99.5409261
95,"Hospira, Inc.",14.5495607,-90.7858316
96,Gil Pharmaceutical Corp,56.3736264,38.1361325
97,American Sales Company,49.8529322,14.7029932
98,"Physicians Total Care, Inc.",31.947507,112.017723
99,The Wise Alternative,40.1976461,124.5351538
100,"Universal Cosmetic Co., Ltd",0.2070254,32.5401025
101,"Prime Packaging, Inc.",3.7796742,9.9772486
102,Cardinal Health,34.1615135,-118.3403506
103,CVS Pharmacy,-7.617735,112.4172256
104,"Antigen Laboratories, Inc.",53.7577169,17.1077021
105,Aidarex Pharmaceuticals LLC,39.191987,113.425489
106,Jubilant HollisterStier LLC,-7.3174629,111.7614661
107,"L.N.K. International, Inc.",-34.3583236,-57.0479481
108,Sanofi-Aventis U.S. LLC,27.340326,117.492533
109,"Neopharm Co., Ltd.",35.8559579,139.5223619
110,"Johnson & Johnson Healthcare Products, Division of McNEIL-PPC, Inc.",38.4,22.71667
111,Cardinal Health,58.3227586,44.7564274
112,Darby Dental Supply Co,42.871502,127.501873
113,Premier Value,13.449097,-14.769285
114,Procter & Gamble Manufacturing Company,35.303704,113.926763
115,"Laura Geller Beauty, LLC",23.883531,110.666614
116,Bonita Pharmaceuticals LLC,13.4354977,121.8184253
117,McKesson,38.5633826,-8.8830265
118,Cardinal Health,28.0870967,30.7618397
119,McKesson Contract Packaging,22.613406,113.190869
120,Baxter Healthcare Corporation,40.562696,-8.768226
121,Parfums Christian Dior,-8.3585481,114.6118669
122,Good Neighbor Pharmacy,-2.5503853,-44.070196
123,Insight Pharmaceuticals,6.1514423,-5.9515399
124,DIRECT RX,45.4447185,18.8903084
125,"Autumn Harp, Inc.",-6.9775856,110.5424021
126,"Nelco Laboratories, Inc.",25.5911171,56.2594033
127,"Dispensing Solutions, Inc.",40.4304275,50.0347608
128,Baxter Healthcare Corporation,48.7974097,32.4076765
129,State of Florida DOH Central Pharmacy,42.6448155,22.9615442
130,"AvKARE, Inc.",-8.1951368,123.7992536
131,AstraZeneca Pharmaceuticals LP,34.542308,118.752842
132,Mantong,-23.8380515,-52.3063947
133,Clinical Solutions Wholesale,-24.6790871,-50.9289246
134,REMEDYREPACK INC.,31.03094,103.183075
135,REMEDYREPACK INC.,-6.9467616,106.4729811
136,Cantrell Drug Company,-7.0808057,108.6264694
137,Walgreens,48.1779574,-1.7555399
138,Stiefel Laboratories Inc,9.4745801,-70.7346811
139,Efficient Laboratories Inc,38.6926647,-9.3466983
140,"ALK-Abello, Inc.",24.546876,107.04219
141,REMEDYREPACK INC.,42.743284,123.35235
142,"Watson Laboratories, Inc.",-8.1454945,115.1048663
143,Qualitest Pharmaceuticals,31.540397,118.486745
144,"Chain Drug Consortium, LLC",28.002849,118.764957
145,"Allergy Laboratories, Inc.",-3.9879753,-79.3535714
146,"Aphena Pharma Solutions - Tennessee, LLC",43.609798,1.495596
147,KAISER FOUNDATION HOSPITALS,30.4727126,-8.8748765
148,"Kareway Product, Inc.",49.23335,-102.1676
149,"Ningbo United Group Co., Ltd.",26.5241653,-77.0909809
150,"Tarte, Inc",22.3287394,-79.2366566
151,"Allermed Laboratories, Inc.",-5.1443118,-38.0850339
152,Topco Associates LLC,37.198731,106.1580937
153,L'Oreal USA Products Inc,45.533333,102.983333
154,State of Florida DOH Central Pharmacy,28.1904306,112.9857433
155,Amerisource Bergen,3.9967196,97.3416152
156,Reckitt Benckiser LLC,45.3207796,4.1293609
157,Meda Pharmaceuticals Inc.,6.772879,-74.796476
158,"SKINFOOD CO., LTD.",-14.8258317,-64.9000247
159,Uriel Pharmacy Inc.,50.2036798,19.0197207
160,Sunrise Pharmaceutical Inc,14.5806413,121.0036417
161,A-S Medication Solutions LLC,-27.451456,-59.029959
162,Blue Cross Labs,51.5021976,15.8075614
163,Shield Line LLC,38.7097954,-9.4164575
164,Jubilant Cadista Pharmaceuticals Inc,-4.683333,-81.1
165,REMEDYREPACK INC.,0.9718896,124.7851264
166,"Nelco Laboratories, Inc.",43.66004,7.214993
167,"King Bio, Inc.",9.4669337,-5.6142558
168,"Dolgencorp, Inc.",29.718419,104.585735
169,American Health Packaging,35.2150626,135.2255291
170,"Apotheca, Inc.",40.9933396,21.4188894
171,Rebel Distributors Corp,24.916988,102.470972
172,Meijer Distribution Inc,13.9434827,121.3691335
173,"ALK-Abello, Inc.",32.358901,35.246147
174,"Nelco Laboratories, Inc.",-23.668163,-46.4617086
175,Norwood Packaging Ltd.,37.9098504,-84.4172666
176,"Nelco Laboratories, Inc.",-4.1164768,-38.6949149
177,"Publix Super Markets, Inc",-7.348395,112.7494759
178,Walgreen Company,21.912701,111.902604
179,Natural Health Supply,51.5742615,5.0840393
180,"Nelco Laboratories, Inc.",9.9900623,-84.6667152
181,American Sales Company,-5.14445,119.438834
182,Baxter Healthcare Corporation,1.48833,124.97444
183,Procter & Gamble Manufacturing Company,-14.2329823,-39.8579118
184,Apotex Corp.,48.5347071,7.6370168
185,"NCS HealthCare of KY, Inc dba Vangard Labs",38.0790354,23.5215964
186,Jubilant HollisterStier LLC,10.4228104,122.9137477
187,"APP Pharmaceuticals, LLC",53.2252531,33.7298819
188,ETUDE HOUSE,50.5332417,23.7255557
189,Clinical Solutions Wholesale,53.3249623,34.374358
190,"Altura Pharmaceuticals, Inc.",31.2219543,-9.0736964
191,Procter & Gamble Manufacturing Co.,-34.6795558,-58.5577501
192,Cardinal Health,-6.9955768,112.2950314
193,"Nelco Laboratories, Inc.",0.9073068,123.2559847
194,Conopco Inc. d/b/a Unilever,-7.1309871,111.591546
195,"H and P Industries, Inc. dba Triad Group",29.751072,113.994756
196,HOMEOLAB USA INC,-8.639266,122.281829
197,Amerisource Bergen,-9.4691312,119.3076098
198,STAT Rx USA LLC,-7.0961965,111.9403254
199,REMEDYREPACK INC.,45.245678,40.8360129
200,Aurolife Pharma LLC,16.6337461,53.0311171
201,"Antigen Laboratories, Inc.",39.8314629,116.3220944
202,"Antigen Laboratories, Inc.",42.8129576,-73.9447994
203,Bare Escentuals Beauty Inc.,1.3105389,103.925603
204,"Nelco Laboratories, Inc.",8.9721547,37.8618422
205,"ALK-Abello, Inc.",-11.8073632,-39.3809152
206,L Perrigo Company,57.6809089,12.0018674
207,"Global Pharmaceuticals, Division of Impax Laboratories, Inc.",34.401112,107.759245
208,"PharmaDerm, A division of Fougera Pharmaceuticals Inc.",43.2625974,23.6556259
209,Wal-Mart Stores Inc,64.3443188,40.8058276
210,P and L Development of New York Corporation (ReadyInCase),32.9234588,12.0775411
211,Target Corporation,16.7944909,100.2375037
212,Uriel Pharmacy Inc.,13.573,122.907
213,REMEDYREPACK INC.,41.270347,123.174325
214,Genesis Pharmaceutical,40.8103508,19.6460758
215,Mylan Institutional Inc.,49.1077868,34.7299619
216,Guerlain S.A.,-6.9467616,106.4729811
217,REMEDYREPACK INC.,14.5849522,121.0777423
218,Mylan Pharmaceuticals Inc.,39.7122932,-8.5290447
219,Aidarex Pharmaceuticals LLC,26.641315,100.222545
220,"AMI Cosmetic Co.,Ltd.",31.311376,120.627532
221,3M Health Care,45.0098,41.1512
222,"Physicians Total Care, Inc.",40.4832736,44.3852966
223,"Alva-Amco Pharmacal Companies, Inc.",27.4140682,64.987739
224,"Carlsbad Technology, Inc.",43.8363441,4.3566473
225,Procter and Gamble Manufacturing Company,-7.3312,107.9703
226,Aidarex Pharmaceuticals LLC,3.8353843,103.2901816
227,LUMENE OY,28.39571,107.752611
228,MedChem Manufacturing Inc. dba Enovachem,29.998435,101.957145
229,Novartis Consumer Health,40.6285158,-73.9447994
230,Guna spa,47.0163969,-68.1430029
231,"IVAX Pharmaceuticals, Inc.",44.8055893,-0.630617
232,A-S Medication Solutions LLC,49.243003,2.510652
233,"Nature's Way Products, Inc.",43.4462218,5.2254137
234,BrandStorm HBC,42.3745311,-88.1263369
235,Norwood Packaging Ltd.,37.6251173,139.9049319
236,"Conney Safety Products, LLC",55.3605576,52.0111855
237,"Newton Laboratories, Inc.",50.5089112,26.2566443
238,American Health Packaging,14.3679657,121.0504535
239,Bryant Ranch Prepack,-7.0117033,108.3682641
240,Jubilant HollisterStier LLC,49.8825995,16.8722323
241,"Blacksmith Brands, Inc.",28.805453,104.802326
242,"PD-Rx Pharmaceuticals, Inc.",29.703113,107.389298
243,"SJ Creations, Inc.",52.138523,16.8924785
244,Aqua Pharmaceuticals,38.947512,116.97413
245,Aidarex Pharmaceuticals LLC,13.2857271,-4.5908196
246,"AvKARE, Inc.",26.085124,119.2972038
247,"Chain Drug Consortium, LLC",31.5545599,120.1398158
248,H E B,50.0113078,21.846991
249,Mission Pharmacal Company,41.6460816,42.3111341
250,ENCHANTE ACCESSORIES INC.,-6.6500292,107.7695429
251,"Amneal Pharmaceuticals of New York, LLC",56.1597869,37.9891132
252,"Nature's Innovation, Inc.",41.5023719,-8.5818392
253,Cardinal Health,52.804249,6.186692
254,Ricola Ag,46.0382687,18.2440979
255,McKesson Packaging Services Business Unit of McKesson Corporation,26.695419,101.841707
256,Bryant Ranch Prepack,4.4725348,97.9756343
257,Aurolife Pharma LLC,53.5567847,8.5929499
258,Laboratoires Industriels de Vichy (LIDV),52.516323,-7.888894
259,Chester Packaging LLC,-6.551202,-42.2165112
260,"APP Pharmaceuticals, LLC",-6.8892965,112.3635806
261,Sandoz Inc,27.450156,116.176742
262,Wayne Concept Manufacturing Co Inc,51.9777094,36.9137821
263,"Newton Laboratories, Inc.",7.0540231,125.6018728
264,CHANEL PARFUMS BEAUTE,52.3626877,4.6195236
265,American Health Packaging,10.8379491,124.0251538
266,"AvKARE, Inc.",6.1898099,-73.57585
267,Apotheca Company,69.0736487,33.4255804
268,Velocity Pharma,37.943121,115.217658
269,The Mentholatum Company,27.661918,120.565793
270,Lancaster S.A.M.,41.2797561,-7.39548
271,Cardinal Health,-12.0560257,-77.0844226
272,Ross Healthcare Inc.,37.775349,117.385256
273,Supervalu Inc,49.6605765,14.4266438
274,"Wal-Mart Stores, Inc.",27.1252867,-13.1625005
275,"Nelco Laboratories, Inc.",36.6589921,138.1877051
276,CVS Pharmacy,62.107429,129.517113
277,Torrent Pharmaceuticals Limited,50.287503,14.0921466
278,Mckesson,40.5555236,22.4712129
279,Seton Pharmaceuticals,27.7244646,100.7887231
280,"A&Z Pharmaceutical, Inc.",-6.3503773,106.8974964
281,Rebel Distributors Corp.,22.5350405,114.060419
282,Cobalt Laboratories Inc.,57.7298725,13.1015839
283,Sanofi-Aventis U.S. LLC,-8.2447934,123.6455502
284,ARMY AND AIR FORCE EXCHANGE SERVICE,37.751853,128.8760574
285,"Actavis Pharma, Inc.",61.6724707,40.2145002
286,"Johnson & Johnson Healthcare Products, Division of McNEIL-PPC, Inc.",52.803304,51.1735574
287,REMEDYREPACK INC.,-8.0095874,111.913497
288,Major Pharmaceuticals,-16.9794093,-67.2162619
289,Cardinal Health,43.7441795,2.511999
290,"TARO PHARMACEUTICALS U.S.A., INC.",7.43333,124.21667
291,Torrent Pharmaceuticals Limited,30.914922,118.334359
292,American Sales Company,-0.5133517,166.9484624
293,Philosophy Inc.,50.624491,137.02184
294,"Mangiacotti, Inc",45.2977605,2.5135985
295,Qualitest Pharmaceuticals,51.0144934,13.6972162
296,"Jets, Sets, & Elephants Beauty Corp.",32.6938737,51.6044276
297,Eight and Company,-29.5904737,-51.3738524
298,"PD-Rx Pharmaceuticals, Inc.",-38.9126083,-67.976045
299,"Skin Alive, Ltd.",32.4289299,74.2728564
300,"Jacobus Pharmaceutical Company, Inc.",28.73733,118.626991
301,"Forest Laboratories, Inc.",-20.227929,57.741701
302,Amerisource Bergen,-34.0391502,-54.7769108
303,Qualitest Pharmaceuticals,58.695946,11.2533509
304,Zep Inc.,39.1251493,23.6799766
305,Bryant Ranch Prepack,10.2203274,123.0540501
306,"Nelco Laboratories, Inc.",49.9805725,19.5512903
307,REMEDYREPACK INC.,-24.1089373,-49.3356859
308,"Newton Laboratories, Inc.",48.99534,-123.8161
309,Lake Erie Medical DBA Quality Care Products LLC,37.9847063,21.4203066
310,DIRECT RX,59.3974738,27.2797506
311,Procter & Gamble Manufacturing Co.,15.8800584,108.3380469
312,Topco Associates LLC,43.247343,0.06251
313,Winning Solutions,53.9865,27.7982
314,"Upsher-Smith Laboratories, Inc.",64.0128827,11.496376
315,Unifirst First Aid Corporation,-7.7169,114.0643
316,Sun Pharma Global FZE,49.3107516,105.9224212
317,"Upsher-Smith Laboratories, Inc.",31.6890813,-4.1788953
318,"Blenheim Pharmacal, Inc.",50.3651987,20.3520979
319,LIVE BETTER (The Great Atlantic & Pacific Tea Company),57.7550378,11.814933
320,"Fenwal, Inc.",31.058765,121.315718
321,"Antigen Laboratories, Inc.",23.076233,113.86913
322,APOLLO HEALTH AND BEAUTY CARE,-11.3462099,38.411369
323,Sandoz Inc,0.4607691,34.1114621
324,"Allergy Laboratories, Inc.",40.6999925,-112.0118669
325,The Kroger Co.,25.728011,-80.2454223
326,Contract Pharmacal Corp,22.920341,115.789204
327,Teva Pharmaceuticals USA Inc,14.273035,122.564262
328,"Global Pharmaceuticals, Division of Impax Laboratories, Inc.",23.505032,110.454177
329,AstraZeneca Pharmaceuticals LP,59.9050895,10.7673005
330,Filo America,58.4172101,15.6066694
331,Baxter Healthcare Corporation,50.6250765,14.1554021
332,JAFRA COSMETICS INTERNATIONAL,19.8084176,-70.7075503
333,Sunmark,43.4945737,5.8978018
334,WOCKHARDT USA LLC.,19.4102526,-99.0073673
335,Lake Erie Medical & Surgical Supply DBA Quality Care Products LLC,44.5284238,15.0728705
336,McKesson,12.3508099,7.255737
337,"US MedSource, LLC",32.3196827,15.1025075
338,Northstar Rx LLC,36.389401,120.44716
339,"Libertas Pharma, Inc.",-7.6589782,110.5394227
340,Contract Pharmacy Services-PA,46.0714056,40.8784823
341,Uriel Pharmacy Inc.,26.006775,104.512603
342,SHISEIDO AMERICAS CORPORATION,10.151,122.9978
343,Clinical Solutions Wholesale,30.853265,112.375491
344,H E B,35.287727,111.692186
345,Proficient Rx LP,47.1284352,42.4543661
346,Sandoz Inc,23.632671,113.529424
347,"Nelco Laboratories, Inc.",51.5142805,-0.1284654
348,TRP Company,-24.097317,25.0288051
349,Wockhardt Limited,59.7536439,10.1199836
350,Conopco Inc. d/b/a Unilever,55.71667,37.41667
351,"Nelco Laboratories, Inc.",13.751166,121.0645073
352,Sanofi Pasteur Inc.,14.2524816,100.7323332
353,Hyland's,37.646108,120.477813
354,Mckesson Contract Packaging,48.9897585,37.8049964
355,"PD-Rx Pharmaceuticals, Inc.",53.5281012,16.0186245
356,REMEDYREPACK INC.,-21.0651542,-50.1440687
357,KINeSYS Pharmaceuticals Inc.,-6.507942,106.4794136
358,Rebel Distributors Corp.,28.845441,121.131229
359,HYVEE INC,28.682309,118.244769
360,AuroMedics Pharma LLC,36.628305,101.765843
361,B. Braun Medical Inc.,40.1198606,-7.5443513
362,Meijer Distribution Inc,-18.7,47.783333
363,Vanda Pharmaceuticals Inc.,55.3578708,50.5809058
364,L'Oreal USA Products Inc,-14.98306,-73.841164
365,Coty US LLC,30.145729,120.589457
366,"Enzyme Solutions, Inc.",62.9663709,27.6707397
367,Shopko,14.3758164,121.0390378
368,Cintas Corp.,38.290338,-8.2274142
369,"Physicians Total Care, Inc.",45.052484,4.8398662
370,Contract Pharmacy Services-PA,38.6223353,-9.0891772
371,CHANEL PARFUMS BEAUTE,24.3482735,116.6988851
372,Pfizer Laboratories Div Pfizer Inc.,36.13521,107.382043
373,Good Neighbor Pharmacy,32.187849,119.425836
374,H E B,32.029558,34.799648
375,"Physicians Total Care, Inc.",14.6462828,100.1479182
376,Texas Welders Supply Company,52.0016128,42.344717
377,"Pro-Link, Inc.",47.5688259,-52.7079539
378,"Upsher-Smith Laboratories, Inc.",56.2620262,15.6049677
379,Rebel Distributors Corp,56.076372,35.9263157
380,Bryant Ranch Prepack,49.7314687,5.8827648
381,Torrent Pharmaceuticals Limited,31.69948,35.18047
382,Contract Pharmacy Services-PA,6.2244851,10.6759772
383,Cardinal Health,50.2709275,12.7842341
384,"Nelco Laboratories, Inc.",-12.95689,-74.023193
385,"Dispensing Solutions, Inc.",49.2574664,-123.0419607
386,Acme United Corporation,38.7004586,-9.2923083
387,"Golden State Medical Supply, Inc.",-1.7669836,33.9694276
388,Mylan Institutional LLC,51.568154,85.555473
389,Forces of Nature,-7.5888579,108.2674092
390,"Allergy Laboratories, Inc.",53.2582868,-9.1097137
391,"MedVantx, Inc.",9.696521,-84.051283
392,L. Perrigo Company,27.791959,-82.723924
393,Space Brands Limited,52.683916,-0.922509
394,"SJ Creations, Inc.",13.2394415,99.7901781
395,"G&W Laboratories, Inc.",40.6307451,-74.1181234
396,Contract Pharmacy Services-PA,45.2415442,77.9726477
397,A-S Medication Solutions LLC,54.760117,17.5563117
398,Torrent Pharmaceuticals Limited,45.3106092,41.0495422
399,King Bio Inc.,7.45,2.85
400,Natural Health Supply,-6.981636,108.308502
401,Kroger Company,39.91983,116.41571
402,"Chattem, Inc.",41.2290466,24.8816753
403,REMEDYREPACK INC.,31.674972,-106.4183141
404,"McNeil Consumer Healthcare Div. McNeil-PPC, Inc",-1.9023377,11.9062829
405,Unit Dose Services,59.7001688,10.2999444
406,Hanover Pen Corp dba HPC Global,33.2680092,134.1641616
407,"SKINFOOD CO., LTD.",24.326292,109.428608
408,Mylan Pharmaceuticals Inc.,50.2387924,20.598352
409,"Allermed Laboratories, Inc.",-23.9868815,-46.237832
410,Actavis Elizabeth LLC,49.2752229,1.207968
411,Remedy Makers,-37.9707308,-57.6258993
412,McKesson,35.0144726,58.7774287
413,Cantrell Drug Company,-6.2284889,106.9602906
414,Mylan Institutional Inc.,21.4692055,101.799742
415,Bryant Ranch Prepack,26.547864,106.7716045
416,"Solco healthcare U.S., LLC",26.848547,115.193595
417,"Nature's Innovation, Inc.",49.24993,-55.04816
418,REMEDYREPACK INC.,-27.7557025,24.8270745
419,sanofi-aventis U.S. LLC,30.0510093,119.9499657
420,DZA Brands LLC,44.335532,85.625121
421,"PSS WORLD MEDICAL, INC.",19.7413519,96.2004383
422,NARS Cosmetics,35.761829,115.029215
423,"Par Pharmaceutical Companies, Inc.",9.9010414,-83.9977527
424,STAT Rx USA LLC,56.4342328,37.1584572
425,Supervalu Inc,22.6611943,-102.9937166
426,Citron Pharma LLC,36.8726504,120.5160702
427,A-S Medication Solutions LLC,-0.670315,100.962601
428,"Nature's Way Products, Inc.",50.6797247,14.6466542
429,"Hospira, Inc.",38.4331962,-28.4586574
430,"Blenheim Pharmacal, Inc.",42.676258,123.500137
431,"Sun Pharmaceutical Industries, Inc.",10.8379491,124.0251538
432,"Sheng Chun Tang Pharmaceutical Industrial Co., Ltd",-7.3682379,112.7554346
433,"NCS HealthCare of KY, Inc dba Vangard Labs",33.120548,35.4335263
434,"Physicians Total Care, Inc.",39.9041999,116.4073963
435,Laboratoires Clarins S.A.,-15.6093293,-72.0896229
436,"H.J. Harkins Company, Inc.",14.5265067,104.8888301
437,"Tarte, Inc",-7.6557879,108.3979331
438,"Dispensing Solutions, Inc.",52.5593605,-8.3545704
439,Gen-Source Rx,10.9318486,124.0280263
440,American Health Packaging,49.3193375,-124.3136411
441,"Artesa Labs, LLC",48.7212066,2.1222327
442,CHANEL PARFUMS BEAUTE,39.1971979,-84.4578361
443,"Nelco Laboratories, Inc.",32.19828,119.47016
444,Apotheca Inc.,48.235668,16.373098
445,King Bio Inc.,11.893334,109.1701666
446,SHISEIDO AMERICA INC.,60.0122,30.20897
447,Rebel Distributors Corp,-6.2683218,106.1081103
448,Uriel Pharmacy Inc.,-28.2587812,-52.4160039
449,Sandoz Inc,47.1910839,18.4095578
450,"Physicians Total Care, Inc.",40.400611,122.348936
451,"General Injectables & Vaccines, Inc",39.6812698,-8.5246084
452,"Golden State Medical Supply, Inc.",22.656408,114.019351
453,Essential Isotopes LLC,-11.4346353,-41.3803558
454,Lake Erie Medical DBA Quality Care Products LLC,15.35444,-88.63556
455,TOPCO Associates LLC,48.890054,2.2372792
456,"Dispensing Solutions, Inc.",59.82941,30.1775921
457,"Expro3, LLC",35.0702051,118.2536287
458,"Mallinckrodt, Inc.",-7.5816489,112.7539449
459,Sandoz Inc,34.3400547,108.946087
460,Guardian,45.5623078,18.188947
461,GlaxoSmithKline LLC,-38.9468031,-68.0694251
462,"Ipsen Biopharmaceuticals, Inc.",21.459233,101.564635
463,Actavis Mid Atlantic LLC,13.1795278,32.7520139
464,"Nelco Laboratories, Inc.",29.5530941,118.9353968
465,"Fitzsimmons Surgical Supply, Inc",10.8733058,0.2010233
466,Apotex Corp,36.8830175,137.4502378
467,"Kingdom Animalia, LLC, DBA Hourglass Cosmetics",33.8597337,134.6589917
468,Barr Laboratories Inc.,-2.6343036,31.3141291
469,"Galderma Laboratories, L.P.",-23.7661064,-53.3206105
470,"General Injectables & Vaccines, Inc",14.6214687,-90.8066537
471,"PD-Rx Pharmaceuticals, Inc.",2.7722364,27.6082774
472,Aurobindo Pharma Limited,41.005341,71.236153
473,Ranbaxy Pharmaceuticals Inc.,48.8277019,24.8993085
474,Wyeth Consumer Healthcare,14.565668,121.0317737
475,"Speer Laboratories, LLC",22.517585,113.39277
476,"MedVantx, Inc.",50.515804,115.126221
477,COSTCO WHOLESALE CORPORATION,32.435435,105.843357
478,"Elorac, Inc.",32.562824,104.559168
479,Teva Select Brands,-7.9636675,112.6225104
480,Valeant Pharmaceuticals North America LLC,7.0241972,79.9020405
481,"Bolero Home Decor, Inc.",21.3325846,105.7233814
482,"Teva Women's Health, Inc.",32.254578,35.191041
483,Washington Homeopathic Products,-31.3644769,23.9179589
484,Air Liquide America Specialty Gases LLC,49.8405384,19.5082319
485,Greenstone LLC,32.509155,120.127934
486,Major Pharmaceuticals,42.951526,124.302017
487,Island Abbey Foods Ltd.,53.3655256,-6.3077823
488,King Bio Inc.,12.78987,45.00244
489,Washington Homeopathic Products,14.93305,-23.5133267
490,Meijer Distribution Inc,-18.0785916,29.8554841
491,SPAI SONS PHARMACEUTICAL INTERNATIONAL COSMETICS,44.7800716,44.1646857
492,Heritage Pharmaceuticals Inc.,34.534829,109.088297
493,Lake Erie Medical & Surgical Supply DBA Quality Care Products LLC,13.1956813,108.6877976
494,Cardinal Health,37.7801069,-3.8235525
495,Bryant Ranch Prepack,53.9045398,27.5615244
496,"Church & Dwight Co., Inc.",49.2272998,2.8814002
497,Deseret Biologicals,67.3744013,32.4889456
498,Kay Chemical Co.,18.5382815,-72.5293562
499,Alaven Pharmaceutical LLC,20.9069092,-77.2807423
500,Par Pharmaceutical Inc.,22.656408,114.019351
501,Janssen Cosmetics GmbH,39.9535181,44.5519782
502,"Watson Pharma, Inc.",-8.2334215,114.3787108
503,Seatex Ltd,15.6927248,119.9351455
504,Unique Holding Group Inc,31.5707334,73.4895102
505,McKesson,39.227382,117.036824
506,"MIZON CO., LTD.",4.5385626,12.0204247
507,Mondelez Global LLC,48.1510123,-80.0330343
508,Uriel Pharmacy Inc.,-25.416667,25.55
509,"Gemini Pharmaceuticals, Inc.",61.2429355,28.9205449
510,Unit Dose Services,-20.2180558,57.5334616
511,Topco Associates LLC,39.467685,75.99379
512,Conopco Inc. d/b/a Unilever,42.9979838,-76.1377935
513,AMOREPACIFIC,14.5906311,121.0855062
514,"ALK-Abello, Inc.",32.061895,102.990108
515,REMEDYREPACK INC.,33.7754716,10.9580947
516,"AvKARE, Inc.",34.5107712,133.5102054
517,Safeway,-0.0998238,34.2747004
518,"APP Pharmaceuticals, LLC",45.638468,0.129895
519,GUARDIAN DRUG COMPANY,1.424768,103.6487041
520,AvPAK,26.641315,100.222545
521,"Golden State Medical Supply, Inc.",43.6505222,-79.3990401
522,Rebel Distributors Corp,-7.8533911,111.2994071
523,Dentsply Pharmaceutical,35.9202328,39.1595698
524,American Health Packaging,31.2303904,121.4737021
525,"Melaleuca, Inc.",-20.6286479,-49.6546435
526,Jubilant HollisterStier LLC,31.975314,35.196042
527,Maniilaq Association,-8.650979,116.3249438
528,KJI Industrial Co Ltd,-6.8903936,107.5889804
529,McKesson,40.807399,44.4970268
530,Rimmel Inc.,13.9051904,-89.5002027
531,L'Oreal USA Products Inc,-8.621,116.4446
532,HOMEOLAB USA INC.,45.2671352,19.8335496
533,"Physicians Total Care, Inc.",25.9813294,-100.4490239
534,Tonic Bath and Body Products Shenzhen Ltd.,11.0736954,-68.9539593
535,A-S Medication Solutions LLC,-8.1934,113.2618
536,"Amneal Pharmaceuticals of New York, LLC",-23.6233032,-45.4141993
537,Mylan Pharmaceuticals Inc.,39.8067,116.030192
538,Sam's West Inc,55.888915,37.5584016
539,SAM'S WEST INC.,12.1149926,-86.2361744
540,Washington Homeopathic Products,52.3518344,71.8852785
541,Conopco Inc. d/b/a Unilever,48.8537451,2.53823
542,"Johnson & Johnson Consumer Products Company, Division of Johnson & Johnson Consumer Companies, Inc.",26.6654996,-80.0590804
543,"Virtus Pharmaceuticals, LLC",8.433959,-69.177223
544,Rite Aid Corporation,28.11579,119.573397
545,Bare Escentuals Beauty Inc.,40.4148619,-7.707845
546,Cipla Limited,20.9425179,-17.0362272
547,Bryant Ranch Prepack,51.2445632,15.097319
548,Exchange Select,14.554384,121.0460866
549,Mylan Pharmaceuticals Inc.,2.5559441,-71.2874209
550,Jubilant HollisterStier LLC,5.1677581,-52.6449937
551,"ALK-Abello, Inc.",38.4224562,48.8687149
552,Apotheca Company,41.4954461,-8.575938
553,"Eon Labs, Inc.",-28.73688,31.89571
554,"ALK-Abello, Inc.",12.4830445,15.4390254
555,Bryant Ranch Prepack,14.903607,120.551341
556,Costco Wholesale Company,-6.5294,106.1719
557,Wal-Mart Stores Inc,21.6071636,105.1492869
558,"Reckitt Benckiser, Inc.",13.5438736,123.1446683
559,Sandoz Inc,47.299613,125.930865
560,"Nelco Laboratories, Inc.",-33.863927,151.201887
561,"Respa Pharmaceuticals, Inc.",4.5791946,13.6767958
562,Sandoz Inc,29.230933,89.841983
563,Topco Associates LLC,42.25785,118.886931
564,Northstar Rx LLC,-6.9108565,107.1768464
565,Crosstex International Inc.,-23.5239623,-46.8411243
566,West-ward Pharmaceutical Corp,23.199183,113.256439
567,Apotheca Company,-28.5323842,26.9999584
568,"Newton Laboratories, Inc.",-23.9200254,31.0387714
569,Supervalu Inc,50.300542,2.801689
570,Mylan Pharmaceuticals Inc.,-10.9492286,-69.5767704
571,"Ningbo Dowland Daily Health Co., Ltd",-8.2600716,124.423984
572,Sujanil Chemo Industries,37.0657211,136.7827153
573,"Ajou Medics Co., Ltd",-0.8183228,12.7250036
574,Ohm Laboratories Inc.,51.8123584,20.065421
575,Vi-Jon,-9.483333,-77.866667
576,Neutrogena Corporation,11.1138152,125.3867985
577,Ranbaxy Pharmaceuticals Inc.,38.927978,-9.238643
578,IASO Inc,10.2891838,-67.719871
579,KINeSYS Pharmaceutical Inc.,39.1513579,-9.2954463
580,Sandoz Inc,-15.6093293,-72.0896229
581,"Lupin Pharmaceuticals, Inc.",14.5668553,120.9987005
582,SUPERVALU INC.,12.5350875,124.7907837
583,Western Family Foods Inc,25.4219675,68.5142341
584,Guthy-Renker LLC,10.0304186,123.5161366
585,"DOLGENCORP, LLC",32.23483,119.797634
586,Oceanside Pharmaceuticals,3.8152026,117.1147095
587,PHARMAZEUTISCHE FABRIK DR. RECKEWEG & CO,35.119385,109.167435
588,"Para Pharm, Inc. dba Medical Pharmacy",-12.9732026,40.5178014
589,H E B,12.8897363,100.9010416
590,U.S. Pharmaceuticals,-27.3869255,-55.9145502
591,"Idelle Labs, Ltd",-6.9467616,106.4729811
592,Pfizer Laboratories Div Pfizer Inc,47.35,103.4166669
593,Cardinal Health,32.317865,118.36525
594,Ventura Corporation Limited,-1.553873,-79.7624177
595,Jubilant HollisterStier LLC,-6.9834604,112.3367573
596,Rebel Distributors Corp,-8.9445,121.0593
597,"Aphena Pharma Solutions - Tennessee, LLC",31.5547633,-84.06035
598,West-ward Pharmaceutical Corp,-6.916443,39.2246882
599,YUYAO CHENGZE MEDICAL SUPPLIES FACTORY,26.695419,101.841707
600,Procter and Gamble Manufacturing Company,-27.112723,-109.3496865
601,Kao Brands Company,16.9894215,120.5350021
602,"Allermed Laboratories, Inc.",-6.9244162,112.4142453
603,Unit Dose Services,59.3356837,18.0778717
604,"General Injectables & Vaccines, Inc",-8.0806,111.7084
605,Ventura Corporation LTD.,39.61335,-8.9519943
606,Rebel Distributors Corp,28.563927,108.50387
607,Heritage Pharmaceuticals Inc.,5.153793,-75.03631
608,"Preferred Pharmaceuticals, Inc.",54.1440921,26.2103909
609,Uriel Pharmacy Inc.,9.0144539,37.4494636
610,"Smith & Nephew, Inc.",-7.9207392,112.5870873
611,"Zhejiang Huahai Pharmaceutical Co., Ltd.",45.23223,108.28245
612,GlaxoSmithKline LLC,48.9097908,2.7104352
613,"American Regent, Inc.",48.8139473,29.3812035
614,McKesson,35.6619592,140.3178323
615,Rite Aid Corporation,39.7083252,20.7237136
616,Laboratoires Boiron,29.521296,86.27669
617,"Merle Norman Cosmetics, Inc.",-6.8806715,108.5017948
618,"PD-Rx Pharmaceuticals, Inc.",30.137065,113.509285
619,Aidarex Pharmaceuticals LLC,-6.9318,111.2882
620,Humphreyline,41.40517,-8.7463716
621,Mylan Pharmaceuticals Inc.,-4.1471884,119.9191194
622,Actavis Elizabeth LLC,43.521619,-96.722641
623,Camber Pharmaceuticals Inc.,48.42647,-123.3227421
624,Lake Erie Medical DBA Quality Care Products LLC,15.9116789,-85.9534465
625,"NCS HealthCare of KY, Inc dba Vangard Labs",19.4511972,-99.2401069
626,CVS Pharmacy,33.7443314,36.7011138
627,REMEDYREPACK INC.,45.0177112,78.3804417
628,"ABLE C&C CO., LTD.",51.9075123,16.2061552
629,Amerisource Bergen,7.3756564,125.8610989
630,"SJ Creations, Inc.",29.285314,110.338222
631,Healing Natural Oils LLC,13.1029,123.6999
632,"GOWOONSESANG COSMETICS CO., LTD.",5.9840985,116.0761121
633,"Watson Laboratories, Inc.",13.18179,44.29966
634,Greenstone LLC,53.30215,23.28784
635,Bare Escentuals Beauty Inc.,27.804365,120.738172
636,H E B,22.8025588,104.9784494
637,Lake Erie Medical DBA Quality Care Products LLC,-6.7575785,38.131876
638,"Watson Laboratories, Inc.",4.3982671,-74.0887576
639,"Nelco Laboratories, Inc.",39.5001721,22.8859196
640,Eduard Gerlach GmbH,-6.9273494,109.2385498
641,Aidarex Pharmaceuticals LLC,9.7719294,126.1259807
642,American Health Packaging,59.8342617,30.1415562
643,Uriel Pharmacy Inc.,-7.068848,109.0364038
644,Parfums Christian Dior,7.9819727,-81.166481
645,Cardinal Health,34.6756374,-5.2697497
646,"Physicians Total Care, Inc.",45.8903748,-77.2672051
647,The Medicine Shoppe International,39.958194,116.432774
648,Barr Laboratories Inc.,5.4807517,10.4284178
649,Cobalt Laboratories Inc.,19.4838854,-99.1135903
650,Kinray,-7.8748176,110.3255365
651,"CAO Group, Inc.",6.1097207,102.2462087
652,Laboratoires Clarins S.A.,35.8232602,139.5521867
653,Medical Chemical Corporation,41.3108613,-8.1338719
654,"Physicians Total Care, Inc.",45.911222,127.059486
655,Jafra cosmetics International,41.4956796,-8.3620667
656,"Newton Laboratories, Inc.",53.16972,83.21333
657,"Rugby Laboratories, Inc",36.158405,45.4759898
658,Tarte Inc,12.5179287,-69.9624781
659,"Physicians Total Care, Inc",49.7503184,15.3480679
660,Baxter Healthcare Corporation,45.402837,11.8577064
661,Cellex-C International Inc,31.9339724,118.670339
662,Cardinal Health,7.231262,79.840886
663,REMEDYREPACK INC.,48.5986674,37.9980367
664,"Teva Women's Health, Inc.",54.4823669,17.486283
665,REMEDYREPACK INC.,44.5454847,18.1033619
666,Mallinckrodt Inc.,33.437877,113.609286
667,Aurobindo Pharma Limited,42.8563356,-2.7033575
668,Uriel Pharmacy Inc.,33.195993,105.606648
669,Rebel Distributors Corp,40.417547,117.504737
670,REMEDYREPACK INC.,46.152911,-71.885445
671,Bob Barker,9.3278585,9.4311572
672,"BioActive Nutritional, Inc.",47.2952721,39.8734276
673,"PD-Rx Pharmaceuticals, Inc.",-6.6134916,111.0579632
674,"Accudial Pharmaceutical, Inc.",59.8581364,17.6545551
675,B. Braun Medical Inc.,0.5142775,35.2697802
676,REMEDYREPACK INC.,49.5172959,16.9405351
677,Paramesh Banerji Life Sciences LLC,34.1277885,133.650043
678,White Manufacturing Inc. DBA Micro-West,-22.1678006,166.4574811
679,"Golden State Medical Supply, Inc.",34.9406968,127.6958882
680,Ranbaxy Laboratories Inc.,61.2427595,16.5504575
681,Carilion Materials Management,49.7821352,23.6611306
682,3M Health Care,-12.2446158,44.5057388
683,"Allergy Laboratories, Inc.",-19.8730077,47.0291162
684,Bryant Ranch Prepack,30.917766,113.957037
685,Uriel Pharmacy Inc,9.4779595,-82.5943072
686,Advanced Generic Corporation,52.8517028,16.5231662
687,"Nelco Laboratories, Inc.",39.65688,117.295545
688,"Nelco Laboratories, Inc.",40.7031503,43.7750216
689,REMEDYREPACK INC.,-31.4505323,-64.1847851
690,"Humanwell PuraCap Pharmaceutical (Wuhan), Ltd.",-0.8897256,29.7831356
691,Apotex Corp.,14.8670094,-88.7722444
692,Rebel Distributors Corp.,39.43806,127.24306
693,"AMAROS CO., LTD.",24.588267,115.415276
694,FAMILY DOLLAR,40.131487,-8.3317519
695,"Genentech, Inc.",10.0445164,-84.4971588
696,Rebel Distributors Corp,56.7558466,60.1103318
697,"L.N.K. International, Inc.",53.378253,-6.5853664
698,Provision Medical,-8.4629286,118.7591541
699,"Mallinckrodt, Inc.",-6.1583904,106.4288088
700,"Stratus Pharamceuticals, Inc",49.369115,3.338092
701,"Jets, Sets, & Elephants Beauty Corp.",59.449371,18.1145597
702,"NCS HealthCare of KY, Inc dba Vangard Labs",47.013342,89.832786
703,Cangene bioPharma Inc.,-20.6444521,-53.5635637
704,Uriel Pharmacy Inc.,5.9840985,116.0761121
705,Germed Manufacturing LLC,48.1543232,24.8196946
706,"Fresenius Kabi USA, LLC",-6.9262046,112.1474925
707,"Physicians Total Care, Inc.",5.995876,80.284415
708,American Health Packaging,18.2002551,-63.0692167
709,Sandoz Inc,-2.9001285,-79.0058965
710,State of Florida DOH Central Pharmacy,25.783198,109.607675
711,"Eycnan, LLC",28.5009486,121.5101004
712,"Millennium Pharmaceuticals, Inc.",-7.0631844,107.7843483
713,Cardinal Health,-14.8503277,-40.844989
714,"PD-Rx Pharmaceuticals, Inc.",43.8324929,4.3662321
715,Forces of Nature,60.9801837,32.9723968
716,Mylan Institutional Inc.,19.5615596,-99.3090985
717,"Dolgencorp, Inc. (DOLLAR GENERAL & REXALL)",34.0578814,-118.3096648
718,Publix Super Markets Inc,13.2805504,-87.1285725
719,Mercy Home Respiratory Care and Medical Supply,-6.2102916,106.9833084
720,"Midlothian Laboratories, LLC",35.0702051,118.2536287
721,REMEDYREPACK INC.,40.4210295,20.2616268
722,"PD-Rx Pharmaceuticals, Inc.",55.1536343,72.6937323
723,Sun Pharma Global FZE,50.051293,19.372452
724,"Physicians Total Care, Inc.",41.2426773,-7.5586322
725,"Nelco Laboratories, Inc.",35.46,-97.52
726,Unit Dose Services,-26.5380011,30.9962356
727,McKesson,48.7717343,2.5030826
728,Cardinal Health,45.4225908,35.8206159
729,E. Fougera & Co. a division of Fougera Pharmaceuticals Inc.,38.1731682,20.4899734
730,"Physicians Total Care, Inc.",34.728584,112.132488
731,Wockhardt Limited,36.334307,99.670448
732,Noxell,27.768996,112.792138
733,State of Florida DOH Central Pharmacy,49.935213,21.8727139
734,"TIME CAP LABORATORIES, INC",30.070933,118.181531
735,Valesco Pharmaceuticals,-37.0852788,174.9427335
736,Bryant Ranch Prepack,30.835511,120.281653
737,"Randle Respiratory Care, Inc.",14.5951658,121.4276451
738,"Johnson & Johnson Healthcare Products, Division of McNEIL-PPC, Inc.",31.912048,119.783935
739,"Teva Parenteral Medicines, Inc",31.967678,34.993693
740,"Nelco Laboratories, Inc.",23.17277,114.289528
741,"TMIG, Inc.",23.4464152,120.2570421
742,"Upsher-Smith Laboratories, Inc.",47.7809616,-2.1084626
743,"Daiichi Sankyo, Inc.",31.9617032,119.5738403
744,Lake Erie Medical DBA Quality Care Products LLC,35.9438023,68.7095356
745,"Taro Pharmaceuticals U.S.A., Inc.",29.97176,122.323867
746,The Mentholatum Company,4.524233,-74.356481
747,State of Florida DOH Central Pharmacy,60.6847164,25.8332761
748,"ALK-Abello, Inc.",1.1322476,104.0115689
749,Cadila Healthcare Limited,37.74,-122.19
750,"Morton Grove Pharmaceuticals, Inc.",60.1014533,29.9573604
751,"Akorn, Inc.",-32.947692,-60.6743215
752,"Antigen Laboratories, Inc.",45.5767359,-122.6386722
753,Barr Laboratories Inc.,-19.5365508,-40.6258001
754,"Pharmaceutical Associates, Inc.",47.5246265,-0.557101
755,"Ventura Corporation Ltd. (San Juan, P.R)",42.6869167,21.0670387
756,"Boehringer Ingelheim Pharmaceuticals, Inc.",53.1183502,48.8618445
757,Cardinal Health,24.765091,110.506663
758,"Mallinckrodt, Inc.",50.1157078,8.6591469
759,BluePoint Laboratories,42.0692985,19.5032559
760,"Ferndale Laboratories, Inc.",-10.1379744,120.1069594
761,REMEDYREPACK INC.,50.795058,124.291125
762,"Deseret Biologicals, Inc.",14.5713307,121.0273302
763,"Nelco Laboratories, Inc.",-2.8166669,114.65
764,Bryant Ranch Prepack,21.7757592,106.9594723
765,Novartis Pharmaceuticals Corporation,37.2284208,21.6360085
766,Barr Laboratories Inc.,16.8759704,120.8934263
767,HOMEOLAB USA INC.,-8.4856411,121.0564425
768,"Antigen Laboratories, Inc.",49.8825995,16.8722323
769,"PSS World Medical, Inc.",7.9045188,4.3051542
770,Ventura Corporation LTD.,49.1376432,9.1776059
771,"Hwang Geum-San Co., Ltd",31.04565,121.409039
772,Cardinal Health,27.1840722,114.9749001
773,"Antigen Laboratories, Inc.",-7.3518129,108.1110423
774,"Shopko Stores Operating Co., LLC",42.3332013,142.3680716
775,Mary Kay Inc.,6.5490578,-7.4976536
776,A-S Medication Solutions LLC,40.4690667,-8.1110545
777,Choice Laboratories Limited,10.444021,-75.275171
778,Torrent Pharmaceuticals Limited,43.977331,81.318189
779,Mylan Pharmaceuticals Inc.,39.50308,64.81142
780,"Physicians Total Care, Inc.",13.9253961,100.4133581
781,"Amneal Pharmaceuticals, LLC",31.207378,121.4174914
782,Qualitest Pharmaceuticals,51.6551687,16.9564844
783,"Liddell Laboratories, Inc.",35.0160783,40.44654
784,PURMINERALS,37.4760836,140.9466447
785,"Gurwitch Products, LLC",50.3406189,21.050137
786,"Antigen Laboratories, Inc.",13.8536285,-89.4535357
787,Wockhardt Limited,-10.01236,123.630501
788,GE Healthcare Inc.,36.2656673,139.250061
789,Cederroth AB,45.8316463,17.3855429
790,"SuperValu, Inc.",41.707342,-8.3509957
791,Mallinckrodt Inc.,38.6675581,128.3176776
792,Bryant Ranch Prepack,43.0429124,1.9038837
793,Rebel Distributors Corp,15.3242623,-87.9506348
794,Deseret Biologicals,13.76857,46.011871
795,Kmart Corporation,55.207388,34.2986255
796,"Kinray, Inc.",22.278114,114.181701
797,Ionx Holdings d/b/a HelloLife,-7.3170603,109.2891005
798,Wal-Mart Stores Inc,35.87616,102.801062
799,"Forest Laboratories, Inc",16.5284299,101.638266
800,Ventura Corporation LTD,15.0737251,120.5150706
801,"MSD Consumer Care, Inc.",22.9567445,115.5856047
802,Apotheca Company,40.6230031,19.4690444
803,Reckitt Benckiser LLC,48.0486753,38.45053
804,Proficient Rx LP,30.741991,121.341969
805,MAJOR PHARMACEUTICALS INC,43.5072348,-83.9638426
806,Supervalu Inc,32.2746515,35.8960765
807,"Newton Laboratories, Inc.",29.9653661,-90.0629989
808,"Watson Laboratories, Inc.",52.5112898,6.092908
809,"Medline Industries, Inc.",25.797931,110.011238
810,"Antigen Laboratories, Inc.",26.6519555,49.9123454
811,Sun Pharmaceutical Industries Limited,57.7046513,52.4917523
812,"Chattem, Inc.",34.8066794,32.4212424
813,Aurobindo Pharma Limited,50.6283477,18.7971435
814,Elmore Oil Company Pty Ltd,57.1691059,45.1179687
815,"Allermed Laboratories, Inc.",35.7278554,139.6547746
816,Major Pharmaceuticals,59.1639426,9.6358001
817,"Newton Laboratories, Inc.",37.114157,79.922211
818,"Ready America, Inc.",43.7441795,2.511999
819,"Compania Internacional de Comercio, S.A.P.I de C.V.",-8.0295271,113.0369406
820,Neutrogena Corporation,11.1869803,-60.7301511
821,"Laurus Enterprises, LLC",5.1744472,7.7145152
822,McKesson,8.573,124.474
823,Mylan Pharmaceuticals Inc.,41.2918839,-8.1963545
824,Apotex Corp.,-4.0620941,-78.948623
825,"Deseret Biologicals, Inc.",42.9107635,20.8386377
826,H E B,48.8610504,2.3237084
827,Qualitest Pharmaceuticals,16.820152,121.097488
828,"Original 7, Inc.",14.9380064,121.0208817
829,Uriel Pharmacy Inc.,28.074649,119.141473
830,"Lupin Pharmaceuticals, Inc.",52.6681994,-8.5369154
831,"Genentech, Inc.",31.2171769,121.5316367
832,"NSE Products, Inc.",-11.5527175,-45.2243578
833,Apotheca Company,0.5987602,124.297718
834,Supervalu Inc,39.8032712,113.9849159
835,Cadila Healthcare Limited,24.2233588,23.3005731
836,Indiana Botanic Gardens,-19.1813272,-65.0008536
837,McKesson Contract Packaging,57.7694738,12.0110298
838,Cardinal Health,49.0711781,29.8488529
839,"Boehringer Ingelheim Pharmaceuticals, Inc.",37.27,-79.94
840,"Claris Lifesciences, Inc",25.6923524,-100.2558064
841,Natural Health Supply,32.460037,112.228897
842,"HANLIM PHARM. CO., LTD.",35.9469003,140.1961209
843,"Air-Way Medical, Inc.",-3.4426092,10.6562606
844,"Profesional Disposables International, Inc.",31.364902,108.249509
845,Bedford Laboratories,41.0059666,-8.596247
846,Neutrogena Corporation,53.4174421,18.2282315
847,"Nelco Laboratories, Inc.",14.4967483,120.991762
848,"Aphena Pharma Solutions - Tennessee, LLC",56.0586318,21.5677773
849,Apotheca Company,4.9211621,6.2747734
850,"PD-Rx Pharmaceuticals, Inc.",38.0790354,23.5215964
851,L'Oreal USA Products Inc,8.8702881,-79.810063
852,"ALK-Abello, Inc.",-51.6415071,-69.2304627
853,L Perrigo Company,50.2836918,24.6345078
854,"Allermed Laboratories, Inc.",50.5213838,2.6404239
855,"Boehringer Ingelheim Pharmaceuticals, Inc.",43.908712,127.303425
856,Cardinal Health,54.6194332,17.3683474
857,St Marys Medical Park Pharmacy,49.1931313,-0.3907558
858,PUREMEDY,27.845011,117.383641
859,Reckitt Benckiser LLC,45.235059,18.6364096
860,RiteAid,37.3189149,-121.9416226
861,"CodaDose, Inc.",25.332842,118.732669
862,A-S Medication Solutions LLC,18.1965639,120.5989577
863,Sandoz Inc,46.0245004,20.1143093
864,Stiefel Laboratories Inc,-6.5092532,106.8974964
865,"Caraco Pharmaceutical Laboratories, Ltd.",0.5987602,124.297718
866,"Bolero Home Decor, Inc.",-13.6616515,-73.3767641
867,"Aphena Pharma Solutions - Tennessee, LLC",3.8788254,98.478759
868,"Newton Laboratories, Inc.",47.8569408,39.9593673
869,Teva Pharmaceuticals USA Inc,50.5927407,107.5886948
870,State of Florida DOH Central Pharmacy,24.781681,118.552365
871,Uriel Pharmacy Inc.,13.4326204,-87.4554432
872,GlaxoSmithKline Consumer Healthcare LP,40.835835,-7.8169615
873,Ohm Laboratories Inc.,-22.7575561,-42.1343805
874,Teva Pharmaceuticals USA Inc,-6.4772202,108.3198722
875,Dio Corporation,37.5940751,68.5962593
876,"Golden State Medical Supply, Inc.",52.2422556,20.1030049
877,"IGI Labs, Inc.",55.9309486,-3.1859102
878,"King Bio, Inc.",49.8401299,13.3555893
879,"Physicians Total Care, Inc.",26.567944,106.714374
880,Ranbaxy Pharmaceuticals Inc.,26.6416058,67.9933369
881,H E B,44.7811062,20.1963089
882,Eight and Company,11.4820004,122.3040009
883,"PD-Rx Pharmaceuticals, Inc.",39.0327543,-76.5517132
884,Unifirst First Aid Corporation,39.8547136,-8.8790902
885,Ventura Corporation LTD,44.9863911,-93.3808756
886,Chain Drug Market Association,29.129743,105.877112
887,"ALK-Abello, Inc.",5.6972693,7.0605998
888,HOMEOLAB USA INC,39.585229,117.238073
889,"Excellium Pharmaceutical, Inc",-8.1448805,-79.0517936
890,TIME CAP LABS,5.8901373,14.5480484
891,"BioActive Nutritional, Inc.",32.4402243,36.5634898
892,Lake Erie Medical & Surgical Supply DBA Quality Care Products LLC,13.3585301,121.8247013
893,"Caraco Pharmaceutical Laboratories, Ltd.",50.9811092,17.0357954
894,REMEDYREPACK INC.,45.5080397,-73.564543
895,Zee Medical Inc,-0.1806532,-78.4678382
896,Guna spa,45.1216628,19.0173647
897,AP GOLDSHIELD LLC,36.599744,101.803717
898,Western Family Foods Inc.,37.4968471,23.447887
899,American Health Packaging,34.2818498,109.002843
900,Ranbaxy Pharmaceuticals Inc.,58.5748357,11.9906
901,"Warner Chilcott (US), LLC",40.103922,65.3688335
902,"Nelco Laboratories, Inc.",-0.2457577,110.2832217
903,Clinical Solutions Wholesale,59.3927955,18.0310718
904,Physicians Formula Inc,-7.0776163,-41.4673741
905,Cobalt Laboratories,-2.8429633,33.0817144
906,ATOMY CO LTD,15.3363872,-88.3579301
907,Water-Jel Technologies,-31.2657738,-64.460387
908,Cardinal Health,5.5333804,95.24233
909,"Nelco Laboratories, Inc.",-7.2360801,106.7175669
910,"Amneal Pharmaceuticals, LLC",-8.4334199,123.3682521
911,STAT Rx USA LLC,15.8983567,120.7162377
912,Poly Pharmaceuticals,-7.1423376,108.1493458
913,Bobbi Brown Professional Cosmetics Inc.,-24.6790871,-50.9289246
914,Bryant Ranch Prepack,40.2675155,69.6452877
915,REMEDYREPACK INC.,-10.9232,122.8283
916,"UDL Laboratories, Inc.",34.17,-118.12
917,CVS Pharmacy,7.6292088,4.1872178
918,Wal-Mart Stores Inc,66.4924399,25.755466
919,Bare Escentuals Beauty Inc.,32.052539,35.125431
920,"Nelco Laboratories, Inc.",-7.3676762,112.605342
921,"Nelco Laboratories, Inc.",45.4048515,19.5665776
922,Bryant Ranch Prepack,10.6544509,-71.7147951
923,Prasco Laboratories,-23.7169139,-46.8498038
924,"Global Pharmaceuticals, Division of Impax Laboratories Inc.",16.67064,121.71581
925,SHISEIDO AMERICA INC.,-7.0773806,108.6472527
926,KAISER FOUNDATION HOSPITALS,29.1416432,119.7889248
927,"ALK-Abello, Inc.",32.964648,35.495997
928,Mylan Pharmaceuticals Inc.,49.988725,20.7001411
929,STAT RX USA LLC,45.0152528,98.9366407
930,Heritage Pharmaceuticals Inc.,48.8818933,17.2802878
931,Rite Aid,27.69965,108.839557
932,"Fresenius Kabi USA, LLC",45.288656,4.65065
933,REMEDYREPACK INC.,46.4415095,15.6118498
934,"RDM Products, Inc",53.5659675,15.28454
935,"Prasco, Laboratories",37.05643,70.40061
936,Washington Homeopathic Products,42.891255,129.508945
937,"Golden State Medical Supply, Inc.",-44.284437,171.0279044
938,Cardinal Health,-8.4856411,121.0564425
939,McKesson,-13.6824359,-71.6228355
940,"TRIGEN Laboratories, Inc.",35.84609,102.031722
941,"Newton Laboratories, Inc.",-8.0109832,112.700315
942,"Liddell Laboratories, Inc.",43.1553222,5.8998183
943,Uriel Pharmacy Inc.,59.9739683,10.9282159
944,New World Imports,30.07728,103.848396
945,Rite Aid Corporation,14.4713275,120.8889291
946,"Med-Health Pharma, LLC",37.3011088,26.7437518
947,"Physicians Total Care, Inc.",8.2435239,124.3401302
948,"Dermalogica, Inc.",41.3307129,-8.5444494
949,"Ultradent Products, Inc.",59.2848437,18.0834974
950,Cosmetic Laboratories of America,27.690732,111.45269
951,Valeant Pharmaceuticals North America LLC,43.7543283,-79.4422593
952,WALGREEN COMPANY,46.2686934,95.2732977
953,Northwind Pharmaceuticals,43.915,67.24806
954,"Daiichi Sankyo, Inc.",10.4309602,-85.0966591
955,Family Dollar,26.885704,120.005147
956,Lake Erie Medical & Surgical Supply DBA Quality Care Products LLC,10.391584,-84.138109
957,"Preferred Pharmaceuticals, Inc.",50.2308874,22.3984964
958,Home Sweet Homeopathics,4.5775693,28.3987842
959,REMEDYREPACK INC.,19.8838774,110.4153075
960,Home Sweet Homeopathics,59.0110968,16.2239747
961,"IVAX Pharmaceuticals, Inc.",26.4755204,67.7240089
962,Teva Pharmaceuticals USA Inc,32.5306814,13.0212924
963,Apotheca Company,58.316667,12.3166671
964,Aurobindo Pharma Limited,34.007974,119.839212
965,"Taro Pharmaceuticals U.S.A., Inc.",-9.9422458,124.1810057
966,CVS Pharmacy,52.3620932,16.8088394
967,"Geiss, Destin & Dunn, Inc",39.2674443,141.8622297
968,REMEDYREPACK INC.,38.05106,114.463347
969,Jubilant HollisterStier LLC,18.5344284,120.7961471
970,"EMD Serono, Inc.",35.0951298,139.0488849
971,Natural Health Supply,27.6486636,84.4172666
972,L. Perrigo Company,39.34163,112.395432
973,"Lannett Company, Inc.",-15.1266347,39.2687161
974,Apotheca Company,54.0962372,18.82934
975,Kroger Company,49.2275285,14.7209457
976,Qualitest Pharmaceuticals,49.9466816,18.8244645
977,"Global Pharmaceuticals, Division of Impax Laboratories, Inc.",7.638859,123.198486
978,"Teva Parenteral Medicines, Inc",33.347316,120.16366
979,REMEDYREPACK INC.,9.9508447,123.9658538
980,Merck Sharp & Dohme Corp.,-7.3072726,110.9387418
981,Sanum Kehlbeck GmbH & Co. KG,-6.8057733,107.5609228
982,"C.O. Truxton, Inc.",29.72277,106.53519
983,"Elizabeth Arden, Inc",48.7192002,32.6770961
984,REMEDYREPACK INC.,31.2194021,107.5185474
985,"JUBILANT CADISTA PHARMACEUTICALS, INC.",34.0577762,131.6460781
986,BCM Cosmetique SAS,40.6690083,43.9553461
987,"WOONSOCKET PRESCRIPTION CENTER,INCORPORATED",40.5660046,-8.1351741
988,Pharmacia and Upjohn Company,30.931792,118.750903
989,American Health Packaging,46.2214936,6.1238396
990,"Amneal Pharmaceuticals of New York, LLC",9.8220686,124.5140325
991,"WOONSOCKET PRESCRIPTION CENTER, INCORPORATED",48.9549197,17.3786013
992,Colgate-Palmolive Company,49.6400856,17.2107059
993,REMEDYREPACK INC.,42.0649631,-8.3756082
994,State of Florida DOH Central Pharmacy,10.151,122.9978
995,"Dong Sung Pharm. Co., Ltd.",58.078572,13.5187927
996,Hyland's,31.887402,115.440283
997,"Genentech, Inc.",40.4878138,-7.8661822
998,Lake Erie Medical & Surgical Supply DBA Quality Care Products LLC,15.5251409,-89.3343599
999,"General Injectables & Vaccines, Inc",-1.3793386,101.9062829
1000,Barr Laboratories Inc.,8.116779,38.3745149
